﻿<?xml version="1.0" encoding="utf-8"?>
<abapGit version="v1.0.0" serializer="LCL_OBJECT_FUGR" serializer_version="v1.0.0">
 <asx:abap xmlns:asx="http://www.sap.com/abapxml" version="1.0">
  <asx:values>
   <INCLUDES>
    <SOBJ_NAME>/CONS/LFG_BRF_VPTOP</SOBJ_NAME>
    <SOBJ_NAME>/CONS/SAPLFG_BRF_VP</SOBJ_NAME>
   </INCLUDES>
   <FUNCTIONS>
    <item>
     <FUNCNAME>/CONS/CREATE_BRF_VP</FUNCNAME>
     <SHORT_TEXT>Create BRF+ Application for Field Control</SHORT_TEXT>
     <IMPORT>
      <RSIMP>
       <PARAMETER>IV_PACKAGE</PARAMETER>
       <DEFAULT>&apos;$TMP&apos;</DEFAULT>
       <OPTIONAL>X</OPTIONAL>
       <REFERENCE>X</REFERENCE>
       <TYP>PACKNAME</TYP>
      </RSIMP>
      <RSIMP>
       <PARAMETER>IV_CUST_REQUEST</PARAMETER>
       <REFERENCE>X</REFERENCE>
       <TYP>TRKORR</TYP>
      </RSIMP>
      <RSIMP>
       <PARAMETER>IV_TEST</PARAMETER>
       <REFERENCE>X</REFERENCE>
       <TYP>BOOLE</TYP>
      </RSIMP>
     </IMPORT>
     <CHANGING>
      <RSCHA>
       <PARAMETER>CS_BRF_FP_CUS</PARAMETER>
       <REFERENCE>X</REFERENCE>
       <TYP>/CONS/FC_CUST</TYP>
      </RSCHA>
     </CHANGING>
     <EXPORT>
      <RSEXP>
       <PARAMETER>ET_MESSAGE</PARAMETER>
       <REFERENCE>X</REFERENCE>
       <TYP>IF_FDT_TYPES=&gt;T_MESSAGE</TYP>
      </RSEXP>
     </EXPORT>
     <EXCEPTION>
      <RSEXC>
       <EXCEPTION>BRFPLUS_ERROR</EXCEPTION>
      </RSEXC>
     </EXCEPTION>
     <DOCUMENTATION>
      <RSFDO>
       <PARAMETER>IV_PACKAGE</PARAMETER>
       <KIND>P</KIND>
       <STEXT>Package</STEXT>
      </RSFDO>
      <RSFDO>
       <PARAMETER>IV_CUST_REQUEST</PARAMETER>
       <KIND>P</KIND>
       <STEXT>Request/Task</STEXT>
      </RSFDO>
      <RSFDO>
       <PARAMETER>IV_TEST</PARAMETER>
       <KIND>P</KIND>
       <STEXT>Boolean variable</STEXT>
      </RSFDO>
      <RSFDO>
       <PARAMETER>ET_MESSAGE</PARAMETER>
       <KIND>P</KIND>
      </RSFDO>
      <RSFDO>
       <PARAMETER>CS_BRF_FP_CUS</PARAMETER>
       <KIND>P</KIND>
       <STEXT>Customizing Structure for BRF+ Field Control</STEXT>
      </RSFDO>
      <RSFDO>
       <PARAMETER>BRFPLUS_ERROR</PARAMETER>
       <KIND>X</KIND>
       <STEXT>Error</STEXT>
      </RSFDO>
     </DOCUMENTATION>
    </item>
   </FUNCTIONS>
  </asx:values>
 </asx:abap>
</abapGit>
