﻿<?xml version="1.0" encoding="utf-8"?>
<abapGit version="v1.0.0" serializer="LCL_OBJECT_CLAS" serializer_version="v1.0.0">
 <asx:abap xmlns:asx="http://www.sap.com/abapxml" version="1.0">
  <asx:values>
   <VSEOCLASS>
    <CLSNAME>/CONS/CL_VALUE_PROPOSITION</CLSNAME>
    <LANGU>D</LANGU>
    <DESCRIPT>Field Control API</DESCRIPT>
    <STATE>1</STATE>
    <CLSCCINCL>X</CLSCCINCL>
    <FIXPT>X</FIXPT>
    <UNICODE>X</UNICODE>
   </VSEOCLASS>
   <DESCRIPTIONS>
    <SEOCOMPOTX>
     <CMPNAME>GT_MM_FIELD_PROPERTIES</CMPNAME>
     <LANGU>D</LANGU>
     <DESCRIPT>Field Value Proposition result table</DESCRIPT>
    </SEOCOMPOTX>
   </DESCRIPTIONS>
   <DESCRIPTIONS_SUB>
    <SEOSUBCOTX>
     <CMPNAME>GET_DATA_DYNAMIC_FIELDS</CMPNAME>
     <SCONAME>ET_VALUES</SCONAME>
     <LANGU>D</LANGU>
     <DESCRIPT>TT Field Control Value Proposition</DESCRIPT>
    </SEOSUBCOTX>
    <SEOSUBCOTX>
     <CMPNAME>GET_DATA_DYNAMIC_FIELDS</CMPNAME>
     <SCONAME>IS_GOS_TYPE</SCONAME>
     <LANGU>D</LANGU>
     <DESCRIPT>Objekttyp</DESCRIPT>
    </SEOSUBCOTX>
    <SEOSUBCOTX>
     <CMPNAME>SORT_BY_PRIORITY</CMPNAME>
     <SCONAME>CT_MM_FIELD_PROPERTIES</SCONAME>
     <LANGU>D</LANGU>
     <DESCRIPT>TT Field Control Result Structure</DESCRIPT>
    </SEOSUBCOTX>
   </DESCRIPTIONS_SUB>
  </asx:values>
 </asx:abap>
</abapGit>
