﻿<?xml version="1.0" encoding="utf-8"?>
<abapGit version="v1.0.0" serializer="LCL_OBJECT_TTYP" serializer_version="v1.0.0">
 <asx:abap xmlns:asx="http://www.sap.com/abapxml" version="1.0">
  <asx:values>
   <DD40V>
    <TYPENAME>/CONS/T_FIELD_CONTROL</TYPENAME>
    <DDLANGUAGE>D</DDLANGUAGE>
    <ROWTYPE>/CONS/FIELD_CONTROL_RESULT</ROWTYPE>
    <ROWKIND>S</ROWKIND>
    <DATATYPE>STRU</DATATYPE>
    <ACCESSMODE>T</ACCESSMODE>
    <KEYDEF>D</KEYDEF>
    <KEYKIND>N</KEYKIND>
    <DDTEXT>TT Field Control Result Structure</DDTEXT>
   </DD40V>
  </asx:values>
 </asx:abap>
</abapGit>
