﻿<?xml version="1.0" encoding="utf-8"?>
<abapGit version="v1.0.0" serializer="LCL_OBJECT_DTEL" serializer_version="v1.0.0">
 <asx:abap xmlns:asx="http://www.sap.com/abapxml" version="1.0">
  <asx:values>
   <DD04V>
    <ROLLNAME>/CONS/FIELD_VALUE</ROLLNAME>
    <DDLANGUAGE>D</DDLANGUAGE>
    <HEADLEN>11</HEADLEN>
    <SCRLEN1>05</SCRLEN1>
    <SCRLEN2>11</SCRLEN2>
    <SCRLEN3>11</SCRLEN3>
    <DDTEXT>Field Value</DDTEXT>
    <REPTEXT>Field Value</REPTEXT>
    <SCRTEXT_S>Value</SCRTEXT_S>
    <SCRTEXT_M>Field Value</SCRTEXT_M>
    <SCRTEXT_L>Field Value</SCRTEXT_L>
    <DTELMASTER>D</DTELMASTER>
    <DATATYPE>CHAR</DATATYPE>
    <LENG>000064</LENG>
    <OUTPUTLEN>000064</OUTPUTLEN>
   </DD04V>
  </asx:values>
 </asx:abap>
</abapGit>
