﻿<?xml version="1.0" encoding="utf-8"?>
<abapGit version="v1.0.0">
 <asx:abap xmlns:asx="http://www.sap.com/abapxml" version="1.0">
  <asx:values>
   <PROGDIR>
    <NAME>/CONS/SAPLMM_ERW_MATSTAMM</NAME>
    <DBAPL>S</DBAPL>
    <DBNA>D$</DBNA>
    <SUBC>F</SUBC>
    <APPL>S</APPL>
    <RSTAT>T</RSTAT>
    <RLOAD>E</RLOAD>
    <FIXPT>X</FIXPT>
    <UCCHECK>X</UCCHECK>
   </PROGDIR>
   <TPOOL>
    <item>
     <ID>I</ID>
     <KEY>002</KEY>
     <ENTRY>Wollen Sie unwiderruflich</ENTRY>
     <LENGTH>25</LENGTH>
    </item>
    <item>
     <ID>I</ID>
     <KEY>003</KEY>
     <ENTRY>Werksdaten für Versionen zulassen?</ENTRY>
     <LENGTH>34</LENGTH>
    </item>
    <item>
     <ID>I</ID>
     <KEY>004</KEY>
     <ENTRY>Verwaltung Pflegeschalter</ENTRY>
     <LENGTH>25</LENGTH>
    </item>
    <item>
     <ID>I</ID>
     <KEY>005</KEY>
     <ENTRY>Sprache</ENTRY>
     <LENGTH>7</LENGTH>
    </item>
    <item>
     <ID>I</ID>
     <KEY>006</KEY>
     <ENTRY>nicht nutzbar auf Rechner</ENTRY>
     <LENGTH>25</LENGTH>
    </item>
    <item>
     <ID>I</ID>
     <KEY>020</KEY>
     <ENTRY>Merkmale</ENTRY>
     <LENGTH>30</LENGTH>
    </item>
    <item>
     <ID>I</ID>
     <KEY>030</KEY>
     <ENTRY>Löschen Mengeneinheit</ENTRY>
     <LENGTH>21</LENGTH>
    </item>
    <item>
     <ID>I</ID>
     <KEY>031</KEY>
     <ENTRY>Möchten Sie die Mengeneinheit</ENTRY>
     <LENGTH>29</LENGTH>
    </item>
    <item>
     <ID>I</ID>
     <KEY>032</KEY>
     <ENTRY>trotzdem löschen?</ENTRY>
     <LENGTH>17</LENGTH>
    </item>
    <item>
     <ID>I</ID>
     <KEY>033</KEY>
     <ENTRY>Zur Mengeneinheit wurden bereits</ENTRY>
     <LENGTH>32</LENGTH>
    </item>
    <item>
     <ID>I</ID>
     <KEY>034</KEY>
     <ENTRY>Texte erfasst</ENTRY>
     <LENGTH>13</LENGTH>
    </item>
    <item>
     <ID>I</ID>
     <KEY>035</KEY>
     <ENTRY>Zur Mengeneinheit wurden bereits</ENTRY>
     <LENGTH>32</LENGTH>
    </item>
    <item>
     <ID>I</ID>
     <KEY>036</KEY>
     <ENTRY>Layoutbausteine erfaßt.</ENTRY>
     <LENGTH>23</LENGTH>
    </item>
    <item>
     <ID>I</ID>
     <KEY>037</KEY>
     <ENTRY>Zur Mengeneinheit wurden bereits</ENTRY>
     <LENGTH>32</LENGTH>
    </item>
    <item>
     <ID>I</ID>
     <KEY>038</KEY>
     <ENTRY>EANs erfasst</ENTRY>
     <LENGTH>12</LENGTH>
    </item>
    <item>
     <ID>I</ID>
     <KEY>039</KEY>
     <ENTRY>Zur Mengeneinheit wurde bereits</ENTRY>
     <LENGTH>31</LENGTH>
    </item>
    <item>
     <ID>I</ID>
     <KEY>040</KEY>
     <ENTRY>eine EAN erfasst</ENTRY>
     <LENGTH>16</LENGTH>
    </item>
    <item>
     <ID>I</ID>
     <KEY>041</KEY>
     <ENTRY>Die Mengeneinheit wird noch als</ENTRY>
     <LENGTH>31</LENGTH>
    </item>
    <item>
     <ID>I</ID>
     <KEY>042</KEY>
     <ENTRY>Bestellmengeneinheit verwendet.</ENTRY>
     <LENGTH>31</LENGTH>
    </item>
    <item>
     <ID>I</ID>
     <KEY>043</KEY>
     <ENTRY>Die Mengeneinheit wird in Info-</ENTRY>
     <LENGTH>31</LENGTH>
    </item>
    <item>
     <ID>I</ID>
     <KEY>044</KEY>
     <ENTRY>sätzen als BestellME verwendet.</ENTRY>
     <LENGTH>31</LENGTH>
    </item>
    <item>
     <ID>I</ID>
     <KEY>045</KEY>
     <ENTRY>sätzen als BestellpreisME verwendet.</ENTRY>
     <LENGTH>36</LENGTH>
    </item>
    <item>
     <ID>I</ID>
     <KEY>050</KEY>
     <ENTRY>Ändern Bestellmengeneinheit</ENTRY>
     <LENGTH>27</LENGTH>
    </item>
    <item>
     <ID>I</ID>
     <KEY>051</KEY>
     <ENTRY>Möchten Sie die Mengeneinheit</ENTRY>
     <LENGTH>29</LENGTH>
    </item>
    <item>
     <ID>I</ID>
     <KEY>052</KEY>
     <ENTRY>auch in den Infosätzen ändern?</ENTRY>
     <LENGTH>30</LENGTH>
    </item>
    <item>
     <ID>I</ID>
     <KEY>053</KEY>
     <ENTRY>Ändern BestellpreisME</ENTRY>
     <LENGTH>21</LENGTH>
    </item>
    <item>
     <ID>I</ID>
     <KEY>063</KEY>
     <ENTRY>Ungeplant. Verbrauch</ENTRY>
     <LENGTH>21</LENGTH>
    </item>
    <item>
     <ID>I</ID>
     <KEY>064</KEY>
     <ENTRY>Gesamtverbrauch</ENTRY>
     <LENGTH>17</LENGTH>
    </item>
    <item>
     <ID>I</ID>
     <KEY>065</KEY>
     <ENTRY>Korrigierter Wert</ENTRY>
     <LENGTH>17</LENGTH>
    </item>
    <item>
     <ID>I</ID>
     <KEY>070</KEY>
     <ENTRY>Löschen EAN</ENTRY>
     <LENGTH>11</LENGTH>
    </item>
    <item>
     <ID>I</ID>
     <KEY>071</KEY>
     <ENTRY>Alle Lieferantenbezüge müssen mit-</ENTRY>
     <LENGTH>34</LENGTH>
    </item>
    <item>
     <ID>I</ID>
     <KEY>072</KEY>
     <ENTRY>gelöscht werden!  EAN löschen?</ENTRY>
     <LENGTH>31</LENGTH>
    </item>
    <item>
     <ID>I</ID>
     <KEY>073</KEY>
     <ENTRY>Ändern EAN</ENTRY>
     <LENGTH>10</LENGTH>
    </item>
    <item>
     <ID>I</ID>
     <KEY>074</KEY>
     <ENTRY>Alle Lieferantenbezüge müssen mit-</ENTRY>
     <LENGTH>34</LENGTH>
    </item>
    <item>
     <ID>I</ID>
     <KEY>075</KEY>
     <ENTRY>geändert werden!  EAN ändern?</ENTRY>
     <LENGTH>31</LENGTH>
    </item>
    <item>
     <ID>I</ID>
     <KEY>076</KEY>
     <ENTRY>Formatiert</ENTRY>
     <LENGTH>40</LENGTH>
    </item>
    <item>
     <ID>I</ID>
     <KEY>077</KEY>
     <ENTRY>Folgende Sprachen enthalten leere Texte</ENTRY>
     <LENGTH>40</LENGTH>
    </item>
    <item>
     <ID>I</ID>
     <KEY>078</KEY>
     <ENTRY>und werden gelöscht:</ENTRY>
     <LENGTH>40</LENGTH>
    </item>
    <item>
     <ID>I</ID>
     <KEY>079</KEY>
     <ENTRY>Keine Sprachen gepflegt (Anlage über Drucktaste)</ENTRY>
     <LENGTH>48</LENGTH>
    </item>
    <item>
     <ID>I</ID>
     <KEY>080</KEY>
     <ENTRY>Schichtung zukünftig</ENTRY>
     <LENGTH>20</LENGTH>
    </item>
    <item>
     <ID>I</ID>
     <KEY>081</KEY>
     <ENTRY>Schichtung laufend</ENTRY>
     <LENGTH>18</LENGTH>
    </item>
    <item>
     <ID>I</ID>
     <KEY>082</KEY>
     <ENTRY>Schichtung vergangen</ENTRY>
     <LENGTH>20</LENGTH>
    </item>
    <item>
     <ID>I</ID>
     <KEY>083</KEY>
     <ENTRY>Periode zukünftig</ENTRY>
     <LENGTH>17</LENGTH>
    </item>
    <item>
     <ID>I</ID>
     <KEY>084</KEY>
     <ENTRY>Periode laufend</ENTRY>
     <LENGTH>15</LENGTH>
    </item>
    <item>
     <ID>I</ID>
     <KEY>085</KEY>
     <ENTRY>Periode vergangen</ENTRY>
     <LENGTH>17</LENGTH>
    </item>
    <item>
     <ID>I</ID>
     <KEY>086</KEY>
     <ENTRY>Geschäftsjahr zukünftig</ENTRY>
     <LENGTH>23</LENGTH>
    </item>
    <item>
     <ID>I</ID>
     <KEY>087</KEY>
     <ENTRY>Geschäftsjahr laufend</ENTRY>
     <LENGTH>21</LENGTH>
    </item>
    <item>
     <ID>I</ID>
     <KEY>088</KEY>
     <ENTRY>Geschäftsjahr vergangen</ENTRY>
     <LENGTH>23</LENGTH>
    </item>
    <item>
     <ID>I</ID>
     <KEY>089</KEY>
     <ENTRY>Bewertungsvariante zukünftig</ENTRY>
     <LENGTH>28</LENGTH>
    </item>
    <item>
     <ID>I</ID>
     <KEY>090</KEY>
     <ENTRY>Bewertungsvariante laufend</ENTRY>
     <LENGTH>26</LENGTH>
    </item>
    <item>
     <ID>I</ID>
     <KEY>091</KEY>
     <ENTRY>Bewertungsvariante vergangen</ENTRY>
     <LENGTH>28</LENGTH>
    </item>
    <item>
     <ID>I</ID>
     <KEY>092</KEY>
     <ENTRY>Kalkulationsversion zukünftig</ENTRY>
     <LENGTH>29</LENGTH>
    </item>
    <item>
     <ID>I</ID>
     <KEY>093</KEY>
     <ENTRY>Kalkulationsversion laufend</ENTRY>
     <LENGTH>27</LENGTH>
    </item>
    <item>
     <ID>I</ID>
     <KEY>094</KEY>
     <ENTRY>Kalkulationsversion vergangen</ENTRY>
     <LENGTH>29</LENGTH>
    </item>
    <item>
     <ID>I</ID>
     <KEY>095</KEY>
     <ENTRY>Planpreis zukünftig</ENTRY>
     <LENGTH>19</LENGTH>
    </item>
    <item>
     <ID>I</ID>
     <KEY>096</KEY>
     <ENTRY>Planpreis laufend</ENTRY>
     <LENGTH>17</LENGTH>
    </item>
    <item>
     <ID>I</ID>
     <KEY>097</KEY>
     <ENTRY>Planpreis vergangen</ENTRY>
     <LENGTH>19</LENGTH>
    </item>
    <item>
     <ID>I</ID>
     <KEY>098</KEY>
     <ENTRY>Standardpreis zukünftig</ENTRY>
     <LENGTH>23</LENGTH>
    </item>
    <item>
     <ID>I</ID>
     <KEY>099</KEY>
     <ENTRY>Standardpreis laufend</ENTRY>
     <LENGTH>21</LENGTH>
    </item>
    <item>
     <ID>I</ID>
     <KEY>100</KEY>
     <ENTRY>Standardpreis vergangen</ENTRY>
     <LENGTH>23</LENGTH>
    </item>
    <item>
     <ID>I</ID>
     <KEY>110</KEY>
     <ENTRY>Sollen die Werte auf die Varianten</ENTRY>
     <LENGTH>132</LENGTH>
    </item>
    <item>
     <ID>I</ID>
     <KEY>111</KEY>
     <ENTRY>durchkopiert werden, wenn keine</ENTRY>
     <LENGTH>31</LENGTH>
    </item>
    <item>
     <ID>I</ID>
     <KEY>112</KEY>
     <ENTRY>Abweichungen bestehen?</ENTRY>
     <LENGTH>22</LENGTH>
    </item>
    <item>
     <ID>I</ID>
     <KEY>113</KEY>
     <ENTRY>Variantenanpassung</ENTRY>
     <LENGTH>18</LENGTH>
    </item>
    <item>
     <ID>I</ID>
     <KEY>114</KEY>
     <ENTRY>Bei &apos;NEIN&apos; werden Abweichungen zwischen</ENTRY>
     <LENGTH>39</LENGTH>
    </item>
    <item>
     <ID>I</ID>
     <KEY>115</KEY>
     <ENTRY>Sammelartikel und Variante erzeugt!</ENTRY>
     <LENGTH>35</LENGTH>
    </item>
    <item>
     <ID>I</ID>
     <KEY>250</KEY>
     <ENTRY>Segmentspezifische Werte vorhanden</ENTRY>
     <LENGTH>58</LENGTH>
    </item>
    <item>
     <ID>I</ID>
     <KEY>251</KEY>
     <ENTRY>Keine spezifischen Segmentwerte</ENTRY>
     <LENGTH>52</LENGTH>
    </item>
    <item>
     <ID>I</ID>
     <KEY>500</KEY>
     <ENTRY>Material ist fixiert</ENTRY>
     <LENGTH>70</LENGTH>
    </item>
    <item>
     <ID>I</ID>
     <KEY>501</KEY>
     <ENTRY>Material ist nicht fixiert</ENTRY>
     <LENGTH>70</LENGTH>
    </item>
    <item>
     <ID>I</ID>
     <KEY>502</KEY>
     <ENTRY>Sprache selektieren</ENTRY>
     <LENGTH>70</LENGTH>
    </item>
    <item>
     <ID>I</ID>
     <KEY>503</KEY>
     <ENTRY>Sprache</ENTRY>
     <LENGTH>70</LENGTH>
    </item>
    <item>
     <ID>I</ID>
     <KEY>504</KEY>
     <ENTRY>Sprache des dargestellten Textes</ENTRY>
     <LENGTH>70</LENGTH>
    </item>
    <item>
     <ID>I</ID>
     <KEY>505</KEY>
     <ENTRY>Steuerschlüssel nicht änderbar</ENTRY>
     <LENGTH>70</LENGTH>
    </item>
    <item>
     <ID>I</ID>
     <KEY>506</KEY>
     <ENTRY>Vorlagenschlüssel nicht änderbar</ENTRY>
     <LENGTH>70</LENGTH>
    </item>
    <item>
     <ID>I</ID>
     <KEY>507</KEY>
     <ENTRY>Formel zur Berechnung der Gesamtmenge nicht änderbar</ENTRY>
     <LENGTH>70</LENGTH>
    </item>
    <item>
     <ID>I</ID>
     <KEY>508</KEY>
     <ENTRY>Formel zur Berechnung des Gesamteinsatzwertes nicht änderbar</ENTRY>
     <LENGTH>70</LENGTH>
    </item>
    <item>
     <ID>I</ID>
     <KEY>509</KEY>
     <ENTRY>Bezugstermin Start nicht änderbar</ENTRY>
     <LENGTH>70</LENGTH>
    </item>
    <item>
     <ID>I</ID>
     <KEY>510</KEY>
     <ENTRY>Zeitabstand Start nicht änderbar</ENTRY>
     <LENGTH>70</LENGTH>
    </item>
    <item>
     <ID>I</ID>
     <KEY>511</KEY>
     <ENTRY>Bezugstermin Ende nicht änderbar</ENTRY>
     <LENGTH>70</LENGTH>
    </item>
    <item>
     <ID>I</ID>
     <KEY>512</KEY>
     <ENTRY>Zeitabstand Ende nicht änderbar</ENTRY>
     <LENGTH>70</LENGTH>
    </item>
    <item>
     <ID>I</ID>
     <KEY>513</KEY>
     <ENTRY>Text zum Steuerschlüssel</ENTRY>
     <LENGTH>70</LENGTH>
    </item>
    <item>
     <ID>I</ID>
     <KEY>514</KEY>
     <ENTRY>Text zum Vorlagenschlüssel</ENTRY>
     <LENGTH>70</LENGTH>
    </item>
    <item>
     <ID>I</ID>
     <KEY>515</KEY>
     <ENTRY>Kurzbezeichnung Formel zur Berechnung Menge</ENTRY>
     <LENGTH>70</LENGTH>
    </item>
    <item>
     <ID>I</ID>
     <KEY>516</KEY>
     <ENTRY>Kurzbezeichnung Formel Berechnung EWert</ENTRY>
     <LENGTH>70</LENGTH>
    </item>
    <item>
     <ID>I</ID>
     <KEY>517</KEY>
     <ENTRY>Text zum Bezug Start</ENTRY>
     <LENGTH>70</LENGTH>
    </item>
    <item>
     <ID>I</ID>
     <KEY>518</KEY>
     <ENTRY>Text zum Bezug Ende</ENTRY>
     <LENGTH>70</LENGTH>
    </item>
    <item>
     <ID>I</ID>
     <KEY>519</KEY>
     <ENTRY>Langtext</ENTRY>
     <LENGTH>12</LENGTH>
    </item>
    <item>
     <ID>I</ID>
     <KEY>520</KEY>
     <ENTRY>Gepflegte Sprachen</ENTRY>
     <LENGTH>18</LENGTH>
    </item>
    <item>
     <ID>I</ID>
     <KEY>521</KEY>
     <ENTRY>Vorschlagslagerort für Fremdbeschaffung</ENTRY>
     <LENGTH>50</LENGTH>
    </item>
    <item>
     <ID>I</ID>
     <KEY>522</KEY>
     <ENTRY>Bestandsfindungsgruppe</ENTRY>
     <LENGTH>30</LENGTH>
    </item>
    <item>
     <ID>I</ID>
     <KEY>523</KEY>
     <ENTRY>Bedarfsvorlaufszeit/Ist-Reichweite</ENTRY>
     <LENGTH>40</LENGTH>
    </item>
    <item>
     <ID>I</ID>
     <KEY>524</KEY>
     <ENTRY>Bewertungsklasse für Kundenauftragsbestand</ENTRY>
     <LENGTH>50</LENGTH>
    </item>
    <item>
     <ID>I</ID>
     <KEY>525</KEY>
     <ENTRY>Bewertungsklasse für Projektbestand</ENTRY>
     <LENGTH>45</LENGTH>
    </item>
    <item>
     <ID>I</ID>
     <KEY>526</KEY>
     <ENTRY>Normbezeichnung</ENTRY>
     <LENGTH>25</LENGTH>
    </item>
    <item>
     <ID>I</ID>
     <KEY>527</KEY>
     <ENTRY>Änderungsnummer des Dokuments (ohne Dokumentenverwaltungssystem)</ENTRY>
     <LENGTH>70</LENGTH>
    </item>
    <item>
     <ID>I</ID>
     <KEY>528</KEY>
     <ENTRY>Kennzeichen: Material ist naturalrabattfähig</ENTRY>
     <LENGTH>50</LENGTH>
    </item>
    <item>
     <ID>I</ID>
     <KEY>529</KEY>
     <ENTRY>Kennzeichen: Genehmigtes Chargenprotokoll ist erforderlich</ENTRY>
     <LENGTH>65</LENGTH>
    </item>
    <item>
     <ID>I</ID>
     <KEY>530</KEY>
     <ENTRY>Verteilungsprofil des Materials im Werk</ENTRY>
     <LENGTH>50</LENGTH>
    </item>
    <item>
     <ID>I</ID>
     <KEY>531</KEY>
     <ENTRY>Nachschubparameter externe Kunden</ENTRY>
     <LENGTH>40</LENGTH>
    </item>
    <item>
     <ID>I</ID>
     <KEY>532</KEY>
     <ENTRY>Statistische Warennummer/Import-Code-Nr. für Außenhandel</ENTRY>
     <LENGTH>65</LENGTH>
    </item>
    <item>
     <ID>I</ID>
     <KEY>533</KEY>
     <ENTRY>Ausstellungsdatum der Negativbescheinigung</ENTRY>
     <LENGTH>50</LENGTH>
    </item>
    <item>
     <ID>I</ID>
     <KEY>534</KEY>
     <ENTRY>Kennzeichen für Ursprungschargenführung</ENTRY>
     <LENGTH>45</LENGTH>
    </item>
    <item>
     <ID>I</ID>
     <KEY>535</KEY>
     <ENTRY>Referenzmaterial für Ursprungschargen</ENTRY>
     <LENGTH>45</LENGTH>
    </item>
    <item>
     <ID>I</ID>
     <KEY>536</KEY>
     <ENTRY>Bearbeitungszeit für Wareneingang in Tagen</ENTRY>
     <LENGTH>50</LENGTH>
    </item>
    <item>
     <ID>I</ID>
     <KEY>537</KEY>
     <ENTRY>Verrechnungsintervall vorwärts</ENTRY>
     <LENGTH>40</LENGTH>
    </item>
    <item>
     <ID>I</ID>
     <KEY>538</KEY>
     <ENTRY>Vorplanungsumrechnungsfaktor</ENTRY>
     <LENGTH>35</LENGTH>
    </item>
    <item>
     <ID>I</ID>
     <KEY>539</KEY>
     <ENTRY>Verrechnungsintervall rückwärts</ENTRY>
     <LENGTH>40</LENGTH>
    </item>
    <item>
     <ID>I</ID>
     <KEY>540</KEY>
     <ENTRY>Basismengeneinheit des  Vorplanungsmaterials</ENTRY>
     <LENGTH>50</LENGTH>
    </item>
    <item>
     <ID>I</ID>
     <KEY>541</KEY>
     <ENTRY>Auslaufdatum</ENTRY>
     <LENGTH>20</LENGTH>
    </item>
    <item>
     <ID>I</ID>
     <KEY>542</KEY>
     <ENTRY>Dispositionsrelevanz für abhängige Bedarfe</ENTRY>
     <LENGTH>50</LENGTH>
    </item>
    <item>
     <ID>I</ID>
     <KEY>543</KEY>
     <ENTRY>Referenzmaterial Verbrauch</ENTRY>
     <LENGTH>40</LENGTH>
    </item>
    <item>
     <ID>I</ID>
     <KEY>544</KEY>
     <ENTRY>Referenzwerk Verbrauch</ENTRY>
     <LENGTH>30</LENGTH>
    </item>
    <item>
     <ID>I</ID>
     <KEY>545</KEY>
     <ENTRY>Anzahl der Vergangenheitsperioden</ENTRY>
     <LENGTH>40</LENGTH>
    </item>
    <item>
     <ID>I</ID>
     <KEY>546</KEY>
     <ENTRY>Werksspezifischer Materialstatus</ENTRY>
     <LENGTH>45</LENGTH>
    </item>
    <item>
     <ID>I</ID>
     <KEY>547</KEY>
     <ENTRY>Produktionslagerort</ENTRY>
     <LENGTH>30</LENGTH>
    </item>
    <item>
     <ID>I</ID>
     <KEY>548</KEY>
     <ENTRY>Kennzeichen für Ursprungschargenführung</ENTRY>
     <LENGTH>45</LENGTH>
    </item>
    <item>
     <ID>I</ID>
     <KEY>549</KEY>
     <ENTRY>Referenzmaterial für Ursprungschargen</ENTRY>
     <LENGTH>45</LENGTH>
    </item>
    <item>
     <ID>I</ID>
     <KEY>550</KEY>
     <ENTRY>Kennzeichen: Genehmigtes Chargenprotokoll ist erforderlich</ENTRY>
     <LENGTH>65</LENGTH>
    </item>
    <item>
     <ID>I</ID>
     <KEY>551</KEY>
     <ENTRY>Toleranzgrenze für Unterlieferung</ENTRY>
     <LENGTH>45</LENGTH>
    </item>
    <item>
     <ID>I</ID>
     <KEY>552</KEY>
     <ENTRY>Toleranzgrenze für Überlieferung</ENTRY>
     <LENGTH>45</LENGTH>
    </item>
    <item>
     <ID>I</ID>
     <KEY>553</KEY>
     <ENTRY>Kennzeichen: unbegrenzte Überlieferung erlaubt</ENTRY>
     <LENGTH>60</LENGTH>
    </item>
    <item>
     <ID>I</ID>
     <KEY>554</KEY>
     <ENTRY>Eigenfertigungszeit</ENTRY>
     <LENGTH>25</LENGTH>
    </item>
    <item>
     <ID>I</ID>
     <KEY>555</KEY>
     <ENTRY>Menge der zu druckenden Begleitscheine</ENTRY>
     <LENGTH>50</LENGTH>
    </item>
    <item>
     <ID>I</ID>
     <KEY>556</KEY>
     <ENTRY>Etikettierungsform</ENTRY>
     <LENGTH>25</LENGTH>
    </item>
    <item>
     <ID>I</ID>
     <KEY>557</KEY>
     <ENTRY>Mindestrestlaufzeit</ENTRY>
     <LENGTH>35</LENGTH>
    </item>
    <item>
     <ID>I</ID>
     <KEY>558</KEY>
     <ENTRY>Periodenkennzeichen für MHD</ENTRY>
     <LENGTH>40</LENGTH>
    </item>
    <item>
     <ID>I</ID>
     <KEY>559</KEY>
     <ENTRY>Bestandskorrekturfaktor</ENTRY>
     <LENGTH>35</LENGTH>
    </item>
    <item>
     <ID>I</ID>
     <KEY>560</KEY>
     <ENTRY>Stücklistenalternative</ENTRY>
     <LENGTH>35</LENGTH>
    </item>
    <item>
     <ID>I</ID>
     <KEY>561</KEY>
     <ENTRY>Stücklistenverwendung</ENTRY>
     <LENGTH>35</LENGTH>
    </item>
    <item>
     <ID>I</ID>
     <KEY>562</KEY>
     <ENTRY>Sonderbeschaffungsart für die Kalkulation</ENTRY>
     <LENGTH>60</LENGTH>
    </item>
    <item>
     <ID>I</ID>
     <KEY>563</KEY>
     <ENTRY>Fehler bei Logistikschalterpflege</ENTRY>
     <LENGTH>33</LENGTH>
    </item>
    <item>
     <ID>I</ID>
     <KEY>564</KEY>
     <ENTRY>Werksdaten in Versionen</ENTRY>
     <LENGTH>23</LENGTH>
    </item>
    <item>
     <ID>I</ID>
     <KEY>565</KEY>
     <ENTRY>keine Werksdaten in Versionen</ENTRY>
     <LENGTH>29</LENGTH>
    </item>
    <item>
     <ID>I</ID>
     <KEY>566</KEY>
     <ENTRY>Pflegeschalter (MARC) nicht da</ENTRY>
     <LENGTH>30</LENGTH>
    </item>
    <item>
     <ID>I</ID>
     <KEY>567</KEY>
     <ENTRY>Dispodaten fehlen</ENTRY>
     <LENGTH>17</LENGTH>
    </item>
    <item>
     <ID>I</ID>
     <KEY>801</KEY>
     <ENTRY>Material fixiert</ENTRY>
     <LENGTH>16</LENGTH>
    </item>
    <item>
     <ID>I</ID>
     <KEY>V02</KEY>
     <ENTRY>Version</ENTRY>
     <LENGTH>7</LENGTH>
    </item>
    <item>
     <ID>I</ID>
     <KEY>V03</KEY>
     <ENTRY>Kopfmat.</ENTRY>
     <LENGTH>8</LENGTH>
    </item>
    <item>
     <ID>I</ID>
     <KEY>V06</KEY>
     <ENTRY>Immer gültig</ENTRY>
     <LENGTH>12</LENGTH>
    </item>
    <item>
     <ID>I</ID>
     <KEY>V07</KEY>
     <ENTRY>Gültigkeit anzeigen</ENTRY>
     <LENGTH>19</LENGTH>
    </item>
    <item>
     <ID>I</ID>
     <KEY>V08</KEY>
     <ENTRY>Gültigkeit ändern</ENTRY>
     <LENGTH>17</LENGTH>
    </item>
    <item>
     <ID>I</ID>
     <KEY>V09</KEY>
     <ENTRY>Defaultversion festlegen</ENTRY>
     <LENGTH>24</LENGTH>
    </item>
    <item>
     <ID>I</ID>
     <KEY>V10</KEY>
     <ENTRY>Defaultversion anzeigen</ENTRY>
     <LENGTH>23</LENGTH>
    </item>
    <item>
     <ID>I</ID>
     <KEY>V11</KEY>
     <ENTRY>Aktiv?</ENTRY>
     <LENGTH>6</LENGTH>
    </item>
    <item>
     <ID>I</ID>
     <KEY>V12</KEY>
     <ENTRY>Logistikschalter ist an</ENTRY>
     <LENGTH>23</LENGTH>
    </item>
    <item>
     <ID>I</ID>
     <KEY>V13</KEY>
     <ENTRY>Logistikschalter ist aus</ENTRY>
     <LENGTH>24</LENGTH>
    </item>
    <item>
     <ID>I</ID>
     <KEY>V14</KEY>
     <ENTRY>Logistikschalter inaktiv</ENTRY>
     <LENGTH>24</LENGTH>
    </item>
    <item>
     <ID>I</ID>
     <KEY>V15</KEY>
     <ENTRY>Logistikschalter pflegen</ENTRY>
     <LENGTH>24</LENGTH>
    </item>
    <item>
     <ID>I</ID>
     <KEY>V16</KEY>
     <ENTRY>Log.schalter Versionen. anz.</ENTRY>
     <LENGTH>28</LENGTH>
    </item>
    <item>
     <ID>I</ID>
     <KEY>V17</KEY>
     <ENTRY>Log.schalter? (Werk ungenannt)</ENTRY>
     <LENGTH>30</LENGTH>
    </item>
   </TPOOL>
  </asx:values>
 </asx:abap>
</abapGit>
