﻿<?xml version="1.0" encoding="utf-8"?>
<abapGit version="v1.0.0">
 <asx:abap xmlns:asx="http://www.sap.com/abapxml" version="1.0">
  <asx:values>
   <PROGDIR>
    <NAME>/CONS/LMM_ERW_MATSTAMMF06</NAME>
    <SUBC>I</SUBC>
    <APPL>M</APPL>
    <RLOAD>D</RLOAD>
    <FIXPT>X</FIXPT>
   </PROGDIR>
   <TPOOL>
    <item>
     <ID>R</ID>
     <ENTRY>Materialstamm - Form-Routinen II Verbrauchs-/Prognosewerte</ENTRY>
     <LENGTH>61</LENGTH>
    </item>
   </TPOOL>
  </asx:values>
 </asx:abap>
</abapGit>
