﻿<?xml version="1.0" encoding="utf-8"?>
<abapGit version="v1.0.0" serializer="LCL_OBJECT_PROG" serializer_version="v1.0.0">
 <asx:abap xmlns:asx="http://www.sap.com/abapxml" version="1.0">
  <asx:values>
   <PROGDIR>
    <NAME>/CONS/CREATE_BRF_VALUE_TABLE</NAME>
    <SUBC>1</SUBC>
    <RLOAD>D</RLOAD>
    <FIXPT>X</FIXPT>
    <UCCHECK>X</UCCHECK>
   </PROGDIR>
   <TPOOL>
    <item>
     <ID>R</ID>
     <ENTRY>Consilio PLM: Generate BRF+ Application for Field Control</ENTRY>
     <LENGTH>70</LENGTH>
    </item>
    <item>
     <ID>S</ID>
     <KEY>IV_APPL</KEY>
     <ENTRY>Applikationsname</ENTRY>
     <LENGTH>38</LENGTH>
    </item>
    <item>
     <ID>S</ID>
     <KEY>IV_FUNC</KEY>
     <ENTRY>Funktionsname</ENTRY>
     <LENGTH>38</LENGTH>
    </item>
    <item>
     <ID>S</ID>
     <KEY>IV_GTYPE</KEY>
     <ENTRY>GOS-Type</ENTRY>
     <LENGTH>38</LENGTH>
    </item>
    <item>
     <ID>S</ID>
     <KEY>IV_PACK</KEY>
     <ENTRY>Paket</ENTRY>
     <LENGTH>38</LENGTH>
    </item>
    <item>
     <ID>S</ID>
     <KEY>IV_REQ</KEY>
     <ENTRY>Transport</ENTRY>
     <LENGTH>38</LENGTH>
    </item>
    <item>
     <ID>S</ID>
     <KEY>IV_STRUC</KEY>
     <ENTRY>Struktur für die Feldsteuerung</ENTRY>
     <LENGTH>38</LENGTH>
    </item>
    <item>
     <ID>S</ID>
     <KEY>IV_TEST</KEY>
     <ENTRY>Test</ENTRY>
     <LENGTH>38</LENGTH>
    </item>
    <item>
     <ID>T</ID>
     <ENTRY>Consilio PLM: BRF+ Field Control Generation Report</ENTRY>
     <LENGTH>70</LENGTH>
    </item>
   </TPOOL>
   <I18N_TPOOL>
    <item>
     <LANGUAGE>E</LANGUAGE>
     <TEXTPOOL>
      <item>
       <ID>R</ID>
       <ENTRY>Consilio PLM: Generate BRF+ Application for Field Control</ENTRY>
       <LENGTH>70</LENGTH>
      </item>
      <item>
       <ID>S</ID>
       <KEY>IV_APPL</KEY>
       <ENTRY>Application Name</ENTRY>
       <LENGTH>38</LENGTH>
      </item>
      <item>
       <ID>S</ID>
       <KEY>IV_FUNC</KEY>
       <ENTRY>Function Name</ENTRY>
       <LENGTH>38</LENGTH>
      </item>
      <item>
       <ID>S</ID>
       <KEY>IV_GTYPE</KEY>
       <ENTRY>GOS-Type</ENTRY>
       <LENGTH>38</LENGTH>
      </item>
      <item>
       <ID>S</ID>
       <KEY>IV_PACK</KEY>
       <ENTRY>Package</ENTRY>
       <LENGTH>38</LENGTH>
      </item>
      <item>
       <ID>S</ID>
       <KEY>IV_REQ</KEY>
       <ENTRY>Transport</ENTRY>
       <LENGTH>38</LENGTH>
      </item>
      <item>
       <ID>S</ID>
       <KEY>IV_STRUC</KEY>
       <ENTRY>Structure for Field Control</ENTRY>
       <LENGTH>38</LENGTH>
      </item>
      <item>
       <ID>S</ID>
       <KEY>IV_TEST</KEY>
       <ENTRY>Test</ENTRY>
       <LENGTH>38</LENGTH>
      </item>
      <item>
       <ID>T</ID>
       <ENTRY>Consilio PLM: BRF+ Field Control Generation Report</ENTRY>
       <LENGTH>70</LENGTH>
      </item>
     </TEXTPOOL>
    </item>
   </I18N_TPOOL>
  </asx:values>
 </asx:abap>
</abapGit>
